{
  "project_info": {
    "project_number": "619390551828",
    "project_id": "cosmo-info",
    "storage_bucket": "cosmo-info.appspot.com"
  },
  "client": [
    {
      "client_info": {
        "mobilesdk_app_id": "1:619390551828:android:59f62019d23a6b53256401",
        "android_client_info": {
          "package_name": "com.example.cosmoinfo"
        }
      },
      "oauth_client": [
        {
          "client_id": "619390551828-r9m5hgaebrgehpusbjf3rae5gpd2ccs7.apps.googleusercontent.com",
          "client_type": 3
        }
      ],
      "api_key": [
        {
          "current_key": "AIzaSyDrcb7kWtvL6FrLD_OZLgNdUAbqUVe2tkU"
        }
      ],
      "services": {
        "appinvite_service": {
          "other_platform_oauth_client": [
            {
              "client_id": "619390551828-r9m5hgaebrgehpusbjf3rae5gpd2ccs7.apps.googleusercontent.com",
              "client_type": 3
            }
          ]
        }
      }
    }
  ],
  "configuration_version": "1"
}